[{"model": "contenttypes.contenttype", "pk": 1, "fields": {"app_label": "registration", "model": "registrationprofile"}}, {"model": "contenttypes.contenttype", "pk": 2, "fields": {"app_label": "registration", "model": "supervisedregistrationprofile"}}, {"model": "contenttypes.contenttype", "pk": 3, "fields": {"app_label": "admin", "model": "logentry"}}, {"model": "contenttypes.contenttype", "pk": 4, "fields": {"app_label": "auth", "model": "permission"}}, {"model": "contenttypes.contenttype", "pk": 5, "fields": {"app_label": "auth", "model": "group"}}, {"model": "contenttypes.contenttype", "pk": 6, "fields": {"app_label": "auth", "model": "user"}}, {"model": "contenttypes.contenttype", "pk": 7, "fields": {"app_label": "contenttypes", "model": "contenttype"}}, {"model": "contenttypes.contenttype", "pk": 8, "fields": {"app_label": "sessions", "model": "session"}}, {"model": "contenttypes.contenttype", "pk": 9, "fields": {"app_label": "core", "model": "post"}}, {"model": "contenttypes.contenttype", "pk": 10, "fields": {"app_label": "core", "model": "comment"}}, {"model": "contenttypes.contenttype", "pk": 11, "fields": {"app_label": "core", "model": "submitter"}}, {"model": "contenttypes.contenttype", "pk": 12, "fields": {"app_label": "core", "model": "vote"}}, {"model": "sessions.session", "pk": "bobbw225k93qhwkovdv78cbgc9s08nim", "fields": {"session_data": "YWNjMWQ4MzNlNzY0NTRiZDNhYmExODdiN2U3NzI1N2NlM2Q2NTRjNDp7Il9hdXRoX3VzZXJfaWQiOiIxIiwiX2F1dGhfdXNlcl9iYWNrZW5kIjoiZGphbmdvLmNvbnRyaWIuYXV0aC5iYWNrZW5kcy5Nb2RlbEJhY2tlbmQiLCJfYXV0aF91c2VyX2hhc2giOiJhOGI4NDM0NDkyYTFlMWUzOGExMDQxYTEwYTg1NzgxNjM3NTUwNTEzIn0=", "expire_date": "2019-04-03T00:30:52.715Z"}}, {"model": "core.post", "pk": 1, "fields": {"title": "Sparking Hope - Christopher's Story", "poster": 1, "description": "Hello, my name is Christopher Sanders, and this is my story out of homelessness.", "date_added": "2019-03-19", "url": "https://www.housingfornewhope.org/single-post/2019/01/02/Sparking-Hope-Christophers-Story", "slug": "Sparking_Hope_Christophers_Story"}}, {"model": "core.post", "pk": 2, "fields": {"title": "HNH Welcomes Three New Members to the Board of Directors", "poster": 2, "description": "Housing for New Hope would like to welcome and recognize three new board members - Dawn Bland, Rev. Chris Breslin, and Charles Lee. They all have a common goal to help prevent and end homelessness in our community.", "date_added": "2019-03-19", "url": "https://www.housingfornewhope.org/single-post/2019/01/11/HNH-Welcomes-Three-New-Members-to-the-Board-of-Directors", "slug": "HNH_Welcomes_Three_New_Members_to_the"}}, {"model": "core.post", "pk": 3, "fields": {"title": "With dorms closed, homeless students struggle to find housing during the holidays", "poster": 9, "description": "Description would go here.", "date_added": "2019-03-18", "url": "https://www.newsobserver.com/news/local/education/article223385845.html", "slug": "With_dorms_closed_homeless_students"}}, {"model": "core.post", "pk": 4, "fields": {"title": "Data on Homelessness", "poster": 7, "description": "Description would go here.", "date_added": "2019-03-18", "url": "https://www.ncceh.org/dataonhomelessness/", "slug": "Data_on_homelessness"}}, {"model": "core.post", "pk": 5, "fields": {"title": "Two Weeks Ago, Durham Cops", "poster": 5, "description": "Description would go here.", "date_added": "2019-03-17", "url": "https://indyweek.com/news/durham/two-weeks-ago-durham-cops-threatened-arrest-anyone-leave-homeless-camp-near-downtown.-now-what/", "slug": "Two_weeks_ago_Durham_cops"}}, {"model": "core.post", "pk": 6, "fields": {"title": "North Carolina Homelessness Statistics", "poster": 9, "description": "Description would go here.", "date_added": "2018-01-17", "url": "https://www.usich.gov/homelessness-statistics/nc/", "slug": "North_Carolina_Homelessness_Statistics"}}, {"model": "core.post", "pk": 7, "fields": {"title": "Homeless women will no longer be", "poster": 8, "description": "Description would go here.", "date_added": "2019-03-17", "url": "https://www.newsobserver.com/news/local/counties/wake-county/article219313675.html", "slug": "Homeless_woman_will_no_longer"}}, {"model": "core.post", "pk": 8, "fields": {"title": "Facts about homelessness", "poster": 5, "description": "Description would go here.", "date_added": "2019-03-17", "url": "https://interactiveresourcecenter.org/donate/facts-about-homelessness/", "slug": "Facts_about_homelessness"}}, {"model": "core.post", "pk": 9, "fields": {"title": "Life in the woods North Carolina growing homeless tent camps are an open secret", "poster": 5, "description": "Description would go here.", "date_added": "2019-03-16", "url": "https://www.scalawagmagazine.org/2018/02/life-in-the-woods-north-carolinas-growing-homeless-tent-camps-are-an-open-secret/", "slug": "Life_in_the_woods_North_Carolinas"}}, {"model": "core.post", "pk": 10, "fields": {"title": "Who is Experiencing Homelessness in North Carolina", "poster": 6, "description": "Description would go here.", "date_added": "2019-03-16", "url": "https://www.housingfornewhope.org/single-post/2018/08/22/Who-is-Experiencing-Homelessness-in-North-Carolina", "slug": "Who_is_experiencing_homelessness"}}, {"model": "core.post", "pk": 11, "fields": {"title": "As frigid cold bears down  he is how the homeless in the Triangle could use your help", "poster": 6, "description": "Description would go here.", "date_added": "2019-03-16", "url": "https://www.newsobserver.com/news/local/article225295525.html", "slug": "As_frigid_cold_bears_down"}}, {"model": "core.post", "pk": 12, "fields": {"title": "Funding Change Proposal Alarms Durhams Homeless Services Providers", "poster": 7, "description": "Description would go here.", "date_added": "2019-03-16", "url": "https://indyweek.com/news/archives/funding-change-proposal-alarms-durham-s-homeless-services-providers/", "slug": "Funding_change_proposal_alarms"}}, {"model": "core.vote", "pk": 1, "fields": {"voter": 1, "post": 1, "voted_at": "2019-03-20T00:42:05.460Z"}}, {"model": "core.vote", "pk": 2, "fields": {"voter": 2, "post": 1, "voted_at": "2019-03-20T00:42:11.207Z"}}, {"model": "core.vote", "pk": 3, "fields": {"voter": 4, "post": 3, "voted_at": "2019-02-10T19:00:00Z"}}, {"model": "core.vote", "pk": 4, "fields": {"voter": 7, "post": 7, "voted_at": "2019-02-11T19:00:00Z"}}, {"model": "core.vote", "pk": 5, "fields": {"voter": 4, "post": 7, "voted_at": "2019-02-12T19:00:00Z"}}, {"model": "core.vote", "pk": 6, "fields": {"voter": 5, "post": 4, "voted_at": "2019-02-13T19:00:00Z"}}, {"model": "core.vote", "pk": 7, "fields": {"voter": 8, "post": 6, "voted_at": "2019-02-14T19:00:00Z"}}, {"model": "core.vote", "pk": 8, "fields": {"voter": 4, "post": 6, "voted_at": "2019-02-15T19:00:00Z"}}, {"model": "core.vote", "pk": 9, "fields": {"voter": 9, "post": 7, "voted_at": "2019-02-16T19:00:00Z"}}, {"model": "core.vote", "pk": 10, "fields": {"voter": 6, "post": 5, "voted_at": "2019-02-17T19:00:00Z"}}, {"model": "core.vote", "pk": 11, "fields": {"voter": 5, "post": 7, "voted_at": "2019-02-18T19:00:00Z"}}, {"model": "core.vote", "pk": 12, "fields": {"voter": 9, "post": 8, "voted_at": "2019-02-19T19:00:00Z"}}, {"model": "core.vote", "pk": 13, "fields": {"voter": 6, "post": 8, "voted_at": "2019-02-20T19:00:00Z"}}, {"model": "core.vote", "pk": 14, "fields": {"voter": 9, "post": 9, "voted_at": "2019-02-21T19:00:00Z"}}, {"model": "core.comment", "pk": 1, "fields": {"commenter": 1, "post": 2, "commented_at": "2019-03-20T00:43:01.510Z", "text": "Congratulations Dawn, Chris, and Charles"}}, {"model": "core.comment", "pk": 2, "fields": {"commenter": 2, "post": 1, "commented_at": "2019-03-20T00:43:22.741Z", "text": "I glad there's the HNH to help people like Christopher"}}, {"model": "core.comment", "pk": 3, "fields": {"commenter": 9, "post": 5, "commented_at": "2019-02-14T19:00:00Z", "text": "We should do something about this."}}, {"model": "core.comment", "pk": 4, "fields": {"commenter": 6, "post": 6, "commented_at": "2019-02-15T19:00:00Z", "text": "I have some good ideas about solving this crisis."}}, {"model": "core.comment", "pk": 5, "fields": {"commenter": 5, "post": 7, "commented_at": "2019-02-16T19:00:00Z", "text": "This article didn't mention the local food kitchen. "}}, {"model": "core.comment", "pk": 6, "fields": {"commenter": 7, "post": 5, "commented_at": "2019-02-17T19:00:00Z", "text": "What is this world coming to."}}, {"model": "core.comment", "pk": 7, "fields": {"commenter": 6, "post": 6, "commented_at": "2019-02-18T19:00:00Z", "text": "I'm so glad I volunteer at the soup kitchen."}}, {"model": "core.comment", "pk": 8, "fields": {"commenter": 10, "post": 7, "commented_at": "2019-02-19T19:00:00Z", "text": "I never knew my worn-out coat could do so much."}}, {"model": "core.comment", "pk": 9, "fields": {"commenter": 7, "post": 8, "commented_at": "2019-02-20T19:00:00Z", "text": "I am really proud of our community members"}}, {"model": "core.comment", "pk": 10, "fields": {"commenter": 10, "post": 9, "commented_at": "2019-02-21T19:00:00Z", "text": "I know we can do better than this."}}, {"model": "core.comment", "pk": 11, "fields": {"commenter": 8, "post": 10, "commented_at": "2019-02-22T19:00:00Z", "text": "I disagree."}}, {"model": "core.comment", "pk": 12, "fields": {"commenter": 10, "post": 11, "commented_at": "2019-02-23T19:00:00Z", "text": "I disagree with the last paragraph."}}, {"model": "core.comment", "pk": 13, "fields": {"commenter": 8, "post": 12, "commented_at": "2019-02-14T19:00:00Z", "text": "I respectfully disagree."}}, {"model": "core.comment", "pk": 14, "fields": {"commenter": 9, "post": 10, "commented_at": "2019-02-15T19:00:00Z", "text": "But what about the other side of the story?"}}, {"model": "core.comment", "pk": 15, "fields": {"commenter": 10, "post": 11, "commented_at": "2019-02-16T19:00:00Z", "text": "This article has inspired me to act"}}, {"model": "auth.permission", "pk": 1, "fields": {"name": "Can add registration profile", "content_type": 1, "codename": "add_registrationprofile"}}, {"model": "auth.permission", "pk": 2, "fields": {"name": "Can change registration profile", "content_type": 1, "codename": "change_registrationprofile"}}, {"model": "auth.permission", "pk": 3, "fields": {"name": "Can delete registration profile", "content_type": 1, "codename": "delete_registrationprofile"}}, {"model": "auth.permission", "pk": 4, "fields": {"name": "Can view registration profile", "content_type": 1, "codename": "view_registrationprofile"}}, {"model": "auth.permission", "pk": 5, "fields": {"name": "Can add supervised registration profile", "content_type": 2, "codename": "add_supervisedregistrationprofile"}}, {"model": "auth.permission", "pk": 6, "fields": {"name": "Can change supervised registration profile", "content_type": 2, "codename": "change_supervisedregistrationprofile"}}, {"model": "auth.permission", "pk": 7, "fields": {"name": "Can delete supervised registration profile", "content_type": 2, "codename": "delete_supervisedregistrationprofile"}}, {"model": "auth.permission", "pk": 8, "fields": {"name": "Can view supervised registration profile", "content_type": 2, "codename": "view_supervisedregistrationprofile"}}, {"model": "auth.permission", "pk": 9, "fields": {"name": "Can add log entry", "content_type": 3, "codename": "add_logentry"}}, {"model": "auth.permission", "pk": 10, "fields": {"name": "Can change log entry", "content_type": 3, "codename": "change_logentry"}}, {"model": "auth.permission", "pk": 11, "fields": {"name": "Can delete log entry", "content_type": 3, "codename": "delete_logentry"}}, {"model": "auth.permission", "pk": 12, "fields": {"name": "Can view log entry", "content_type": 3, "codename": "view_logentry"}}, {"model": "auth.permission", "pk": 13, "fields": {"name": "Can add permission", "content_type": 4, "codename": "add_permission"}}, {"model": "auth.permission", "pk": 14, "fields": {"name": "Can change permission", "content_type": 4, "codename": "change_permission"}}, {"model": "auth.permission", "pk": 15, "fields": {"name": "Can delete permission", "content_type": 4, "codename": "delete_permission"}}, {"model": "auth.permission", "pk": 16, "fields": {"name": "Can view permission", "content_type": 4, "codename": "view_permission"}}, {"model": "auth.permission", "pk": 17, "fields": {"name": "Can add group", "content_type": 5, "codename": "add_group"}}, {"model": "auth.permission", "pk": 18, "fields": {"name": "Can change group", "content_type": 5, "codename": "change_group"}}, {"model": "auth.permission", "pk": 19, "fields": {"name": "Can delete group", "content_type": 5, "codename": "delete_group"}}, {"model": "auth.permission", "pk": 20, "fields": {"name": "Can view group", "content_type": 5, "codename": "view_group"}}, {"model": "auth.permission", "pk": 21, "fields": {"name": "Can add user", "content_type": 6, "codename": "add_user"}}, {"model": "auth.permission", "pk": 22, "fields": {"name": "Can change user", "content_type": 6, "codename": "change_user"}}, {"model": "auth.permission", "pk": 23, "fields": {"name": "Can delete user", "content_type": 6, "codename": "delete_user"}}, {"model": "auth.permission", "pk": 24, "fields": {"name": "Can view user", "content_type": 6, "codename": "view_user"}}, {"model": "auth.permission", "pk": 25, "fields": {"name": "Can add content type", "content_type": 7, "codename": "add_contenttype"}}, {"model": "auth.permission", "pk": 26, "fields": {"name": "Can change content type", "content_type": 7, "codename": "change_contenttype"}}, {"model": "auth.permission", "pk": 27, "fields": {"name": "Can delete content type", "content_type": 7, "codename": "delete_contenttype"}}, {"model": "auth.permission", "pk": 28, "fields": {"name": "Can view content type", "content_type": 7, "codename": "view_contenttype"}}, {"model": "auth.permission", "pk": 29, "fields": {"name": "Can add session", "content_type": 8, "codename": "add_session"}}, {"model": "auth.permission", "pk": 30, "fields": {"name": "Can change session", "content_type": 8, "codename": "change_session"}}, {"model": "auth.permission", "pk": 31, "fields": {"name": "Can delete session", "content_type": 8, "codename": "delete_session"}}, {"model": "auth.permission", "pk": 32, "fields": {"name": "Can view session", "content_type": 8, "codename": "view_session"}}, {"model": "auth.permission", "pk": 33, "fields": {"name": "Can add post", "content_type": 9, "codename": "add_post"}}, {"model": "auth.permission", "pk": 34, "fields": {"name": "Can change post", "content_type": 9, "codename": "change_post"}}, {"model": "auth.permission", "pk": 35, "fields": {"name": "Can delete post", "content_type": 9, "codename": "delete_post"}}, {"model": "auth.permission", "pk": 36, "fields": {"name": "Can view post", "content_type": 9, "codename": "view_post"}}, {"model": "auth.permission", "pk": 37, "fields": {"name": "Can add comment", "content_type": 10, "codename": "add_comment"}}, {"model": "auth.permission", "pk": 38, "fields": {"name": "Can change comment", "content_type": 10, "codename": "change_comment"}}, {"model": "auth.permission", "pk": 39, "fields": {"name": "Can delete comment", "content_type": 10, "codename": "delete_comment"}}, {"model": "auth.permission", "pk": 40, "fields": {"name": "Can view comment", "content_type": 10, "codename": "view_comment"}}, {"model": "auth.permission", "pk": 41, "fields": {"name": "Can add submitter", "content_type": 11, "codename": "add_submitter"}}, {"model": "auth.permission", "pk": 42, "fields": {"name": "Can change submitter", "content_type": 11, "codename": "change_submitter"}}, {"model": "auth.permission", "pk": 43, "fields": {"name": "Can delete submitter", "content_type": 11, "codename": "delete_submitter"}}, {"model": "auth.permission", "pk": 44, "fields": {"name": "Can view submitter", "content_type": 11, "codename": "view_submitter"}}, {"model": "auth.permission", "pk": 45, "fields": {"name": "Can add vote", "content_type": 12, "codename": "add_vote"}}, {"model": "auth.permission", "pk": 46, "fields": {"name": "Can change vote", "content_type": 12, "codename": "change_vote"}}, {"model": "auth.permission", "pk": 47, "fields": {"name": "Can delete vote", "content_type": 12, "codename": "delete_vote"}}, {"model": "auth.permission", "pk": 48, "fields": {"name": "Can view vote", "content_type": 12, "codename": "view_vote"}}, {"model": "auth.user", "pk": 1, "fields": {"password": "pbkdf2_sha256$120000$6NpedKe78QJH$SHLxRCX+kwv+OWTF3FCR9swmquEfNkoOiID7nCue8XA=", "last_login": "2019-03-20T00:30:52.712Z", "is_superuser": true, "username": "annasmith", "first_name": "", "last_name": "", "email": "meanderingjasmine@gmail.com", "is_staff": true, "is_active": true, "date_joined": "2019-03-20T00:03:19.353Z", "groups": [], "user_permissions": []}}, {"model": "auth.user", "pk": 2, "fields": {"password": "pbkdf2_sha256$120000$9zOalcHgJ7gu$BbTRal3bPGUuIUsgPmxdUHw05IFtBUH+6K78//kI7TA=", "last_login": "2019-03-20T00:27:17.928Z", "is_superuser": false, "username": "DefiantPlum12", "first_name": "", "last_name": "", "email": "meanderingjasmine@gmail.com", "is_staff": false, "is_active": true, "date_joined": "2019-03-20T00:26:40.933Z", "groups": [], "user_permissions": []}}, {"model": "auth.user", "pk": 3, "fields": {"password": "pbkdf2_sha256$120000$sA1jjPZ5QhRX$whTcOVdtNFP2hGeQw/SOeeLuRpzHFgbWgnSMC9nKeS0=", "last_login": "2019-03-20T00:29:15.187Z", "is_superuser": false, "username": "Commandroid24", "first_name": "", "last_name": "", "email": "meanderingjasmine@gmail.com", "is_staff": false, "is_active": true, "date_joined": "2019-03-20T00:28:21.759Z", "groups": [], "user_permissions": []}}, {"model": "auth.user", "pk": 4, "fields": {"password": "pbkdf2_sha256$120000$9zOalcHgJ7gu$BbTRal3bPGUuIUsgPmxdUHw05IFtBUH+6K78//kI7TA=", "last_login": "2018-02-01T17:00:00Z", "is_superuser": false, "username": "BouncingPepper36", "first_name": "Bouncing", "last_name": "Pepper", "email": "meanderingjasmine@gmail.com", "is_staff": false, "is_active": true, "date_joined": "2019-02-05T18:00:00Z", "groups": [], "user_permissions": []}}, {"model": "auth.user", "pk": 5, "fields": {"password": "pbkdf2_sha256$120000$sA1jjPZ5QhRX$whTcOVdtNFP2hGeQw/SOeeLuRpzHFgbWgnSMC9nKeS0=", "last_login": "2018-02-04T17:00:00Z", "is_superuser": false, "username": "ThroneManatee48", "first_name": "Throne", "last_name": "Mantis", "email": "meanderingjasmine@gmail.com", "is_staff": false, "is_active": true, "date_joined": "2019-02-06T18:00:00Z", "groups": [], "user_permissions": []}}, {"model": "auth.user", "pk": 6, "fields": {"password": "pbkdf2_sha256$120000$6NpedKe78QJH$SHLxRCX+kwv+OWTF3FCR9swmquEfNkoOiID7nCue8XA=", "last_login": "2018-02-05T17:00:00Z", "is_superuser": false, "username": "FrizzyWalker60", "first_name": "Frizzy", "last_name": "Walker", "email": "meanderingjasmine@gmail.com", "is_staff": false, "is_active": true, "date_joined": "2019-02-06T18:00:00Z", "groups": [], "user_permissions": []}}, {"model": "auth.user", "pk": 7, "fields": {"password": "pbkdf2_sha256$120000$9zOalcHgJ7gu$BbTRal3bPGUuIUsgPmxdUHw05IFtBUH+6K78//kI7TA=", "last_login": "2018-02-06T17:00:00Z", "is_superuser": false, "username": "BeautifulFairy72", "first_name": "Beautiful", "last_name": "Fairy", "email": "meanderingjasmine@gmail.com", "is_staff": false, "is_active": true, "date_joined": "2019-02-08T18:00:00Z", "groups": [], "user_permissions": []}}, {"model": "auth.user", "pk": 8, "fields": {"password": "pbkdf2_sha256$120000$sA1jjPZ5QhRX$whTcOVdtNFP2hGeQw/SOeeLuRpzHFgbWgnSMC9nKeS0=", "last_login": "2018-02-07T17:00:00Z", "is_superuser": false, "username": "FrightenedBuster84", "first_name": "Frightented", "last_name": "Buster", "email": "meanderingjasmine@gmail.com", "is_staff": false, "is_active": true, "date_joined": "2019-02-09T18:00:00Z", "groups": [], "user_permissions": []}}, {"model": "auth.user", "pk": 9, "fields": {"password": "pbkdf2_sha256$120000$6NpedKe78QJH$SHLxRCX+kwv+OWTF3FCR9swmquEfNkoOiID7nCue8XA=", "last_login": "2018-02-08T17:00:00Z", "is_superuser": false, "username": "Gladiablo96", "first_name": "Gladys", "last_name": "Diablo", "email": "meanderingjasmine@gmail.com", "is_staff": false, "is_active": true, "date_joined": "2019-02-10T18:00:00Z", "groups": [], "user_permissions": []}}, {"model": "auth.user", "pk": 10, "fields": {"password": "pbkdf2_sha256$120000$9zOalcHgJ7gu$BbTRal3bPGUuIUsgPmxdUHw05IFtBUH+6K78//kI7TA=", "last_login": "2018-02-09T17:00:00Z", "is_superuser": false, "username": "ColorWitch18", "first_name": "Color", "last_name": "Witch", "email": "meanderingjasmine@gmail.com", "is_staff": false, "is_active": true, "date_joined": "2019-02-11T18:00:00Z", "groups": [], "user_permissions": []}}, {"model": "auth.user", "pk": 11, "fields": {"password": "pbkdf2_sha256$120000$sA1jjPZ5QhRX$whTcOVdtNFP2hGeQw/SOeeLuRpzHFgbWgnSMC9nKeS0=", "last_login": "2018-02-10T17:00:00Z", "is_superuser": false, "username": "FreeMantis30", "first_name": "Free", "last_name": "Matis", "email": "meanderingjasmine@gmail.com", "is_staff": false, "is_active": true, "date_joined": "2019-02-12T18:00:00Z", "groups": [], "user_permissions": []}}, {"model": "auth.user", "pk": 12, "fields": {"password": "pbkdf2_sha256$120000$6NpedKe78QJH$SHLxRCX+kwv+OWTF3FCR9swmquEfNkoOiID7nCue8XA=", "last_login": "2018-02-11T17:00:00Z", "is_superuser": false, "username": "TimeBerry54", "first_name": "Time", "last_name": "Berry", "email": "meanderingjasmine@gmail.com", "is_staff": false, "is_active": true, "date_joined": "2019-02-13T18:00:00Z", "groups": [], "user_permissions": []}}, {"model": "auth.user", "pk": 13, "fields": {"password": "pbkdf2_sha256$120000$9zOalcHgJ7gu$BbTRal3bPGUuIUsgPmxdUHw05IFtBUH+6K78//kI7TA=", "last_login": "2018-02-12T17:00:00Z", "is_superuser": false, "username": "SilentDrake66", "first_name": "Silent", "last_name": "Drake", "email": "meanderingjasmine@gmail.com", "is_staff": false, "is_active": true, "date_joined": "2019-02-14T18:00:00Z", "groups": [], "user_permissions": []}}, {"model": "auth.user", "pk": 14, "fields": {"password": "pbkdf2_sha256$120000$sA1jjPZ5QhRX$whTcOVdtNFP2hGeQw/SOeeLuRpzHFgbWgnSMC9nKeS0=", "last_login": "2018-02-13T17:00:00Z", "is_superuser": false, "username": "FearlessCrocodile78", "first_name": "Fearless", "last_name": "Crocodile", "email": "meanderingjasmine@gmail.com", "is_staff": false, "is_active": true, "date_joined": "2019-02-15T18:00:00Z", "groups": [], "user_permissions": []}}, {"model": "auth.user", "pk": 15, "fields": {"password": "pbkdf2_sha256$120000$6NpedKe78QJH$SHLxRCX+kwv+OWTF3FCR9swmquEfNkoOiID7nCue8XA=", "last_login": "2018-02-14T17:00:00Z", "is_superuser": false, "username": "DinnerFlamingo90", "first_name": "Dinner", "last_name": "Flamingo", "email": "meanderingjasmine@gmail.com", "is_staff": false, "is_active": true, "date_joined": "2019-02-16T18:00:00Z", "groups": [], "user_permissions": []}}, {"model": "core.submitter", "pk": 1, "fields": {"user": 2}}, {"model": "core.submitter", "pk": 2, "fields": {"user": 3}}, {"model": "core.submitter", "pk": 4, "fields": {"user": 4}}, {"model": "core.submitter", "pk": 5, "fields": {"user": 5}}, {"model": "core.submitter", "pk": 6, "fields": {"user": 6}}, {"model": "core.submitter", "pk": 7, "fields": {"user": 7}}, {"model": "core.submitter", "pk": 8, "fields": {"user": 8}}, {"model": "core.submitter", "pk": 9, "fields": {"user": 9}}, {"model": "core.submitter", "pk": 10, "fields": {"user": 10}}, {"model": "admin.logentry", "pk": 1, "fields": {"action_time": "2019-03-20T00:31:27.582Z", "user": 1, "content_type": 11, "object_id": "1", "object_repr": "Submitter object (1)", "action_flag": 1, "change_message": "[{\"added\": {}}]"}}, {"model": "admin.logentry", "pk": 2, "fields": {"action_time": "2019-03-20T00:31:31.134Z", "user": 1, "content_type": 11, "object_id": "2", "object_repr": "Submitter object (2)", "action_flag": 1, "change_message": "[{\"added\": {}}]"}}, {"model": "admin.logentry", "pk": 3, "fields": {"action_time": "2019-03-20T00:39:42.273Z", "user": 1, "content_type": 9, "object_id": "1", "object_repr": "Sparking Hope - Christopher's Story", "action_flag": 1, "change_message": "[{\"added\": {}}]"}}, {"model": "admin.logentry", "pk": 4, "fields": {"action_time": "2019-03-20T00:41:35.152Z", "user": 1, "content_type": 9, "object_id": "2", "object_repr": "HNH Welcomes Three New Members to the Board of Directors", "action_flag": 1, "change_message": "[{\"added\": {}}]"}}, {"model": "admin.logentry", "pk": 5, "fields": {"action_time": "2019-03-20T00:42:05.462Z", "user": 1, "content_type": 12, "object_id": "1", "object_repr": "Vote object (1)", "action_flag": 1, "change_message": "[{\"added\": {}}]"}}, {"model": "admin.logentry", "pk": 6, "fields": {"action_time": "2019-03-20T00:42:11.208Z", "user": 1, "content_type": 12, "object_id": "2", "object_repr": "Vote object (2)", "action_flag": 1, "change_message": "[{\"added\": {}}]"}}, {"model": "admin.logentry", "pk": 7, "fields": {"action_time": "2019-03-20T00:43:01.515Z", "user": 1, "content_type": 10, "object_id": "1", "object_repr": "Congratulations Dawn, Chris, and Charles", "action_flag": 1, "change_message": "[{\"added\": {}}]"}}, {"model": "admin.logentry", "pk": 8, "fields": {"action_time": "2019-03-20T00:43:22.742Z", "user": 1, "content_type": 10, "object_id": "2", "object_repr": "I glad there's the HNH to help people like Christopher", "action_flag": 1, "change_message": "[{\"added\": {}}]"}}, {"model": "admin.logentry", "pk": 9, "fields": {"action_time": "2019-03-20T02:09:35.933Z", "user": 1, "content_type": 9, "object_id": "5", "object_repr": "Two Weeks Ago, Durham Cops", "action_flag": 2, "change_message": "[{\"changed\": {\"fields\": [\"url\"]}}]"}}, {"model": "admin.logentry", "pk": 10, "fields": {"action_time": "2019-03-20T02:09:56.439Z", "user": 1, "content_type": 9, "object_id": "6", "object_repr": "North Carolina Homelessness Statistics", "action_flag": 2, "change_message": "[{\"changed\": {\"fields\": [\"url\"]}}]"}}, {"model": "admin.logentry", "pk": 11, "fields": {"action_time": "2019-03-20T02:10:13.169Z", "user": 1, "content_type": 9, "object_id": "9", "object_repr": "Life in the woods North Carolina growing homeless tent camps are an open secret", "action_flag": 2, "change_message": "[{\"changed\": {\"fields\": [\"url\"]}}]"}}, {"model": "admin.logentry", "pk": 12, "fields": {"action_time": "2019-03-20T02:10:31.356Z", "user": 1, "content_type": 9, "object_id": "10", "object_repr": "Who is Experiencing Homelessness in North Carolina", "action_flag": 2, "change_message": "[{\"changed\": {\"fields\": [\"url\"]}}]"}}, {"model": "admin.logentry", "pk": 13, "fields": {"action_time": "2019-03-20T02:10:49.934Z", "user": 1, "content_type": 9, "object_id": "11", "object_repr": "As frigid cold bears down  he is how the homeless in the Triangle could use your help", "action_flag": 2, "change_message": "[{\"changed\": {\"fields\": [\"url\"]}}]"}}, {"model": "admin.logentry", "pk": 14, "fields": {"action_time": "2019-03-20T02:11:10.985Z", "user": 1, "content_type": 9, "object_id": "12", "object_repr": "Funding Change Proposal Alarms Durhams Homeless Services Providers", "action_flag": 2, "change_message": "[{\"changed\": {\"fields\": [\"url\"]}}]"}}, {"model": "admin.logentry", "pk": 15, "fields": {"action_time": "2019-03-20T02:11:36.026Z", "user": 1, "content_type": 9, "object_id": "8", "object_repr": "Facts about homelessness", "action_flag": 2, "change_message": "[{\"changed\": {\"fields\": [\"url\"]}}]"}}, {"model": "admin.logentry", "pk": 16, "fields": {"action_time": "2019-03-20T02:11:41.153Z", "user": 1, "content_type": 9, "object_id": "4", "object_repr": "Data on Homelessness", "action_flag": 2, "change_message": "[]"}}, {"model": "registration.registrationprofile", "pk": 1, "fields": {"user": 2, "activation_key": "3693a779a3a25d285aa3ed1651cf07a06ea4d1c0", "activated": true}}, {"model": "registration.registrationprofile", "pk": 2, "fields": {"user": 3, "activation_key": "30783287a389969064f7d7be20f654500bb1af14", "activated": true}}]