[{"model": "auth.user", "pk": 2, "fields": {"password": "pbkdf2_sha256$120000$9zOalcHgJ7gu$BbTRal3bPGUuIUsgPmxdUHw05IFtBUH+6K78//kI7TA=", "last_login": "2019-03-20T00:27:17.928Z", "is_superuser": false, "username": "DefiantPlum12", "first_name": "", "last_name": "", "email": "meanderingjasmine@gmail.com", "is_staff": false, "is_active": true, "date_joined": "2019-03-20T00:26:40.933Z", "groups": [], "user_permissions": []}}, {"model": "auth.user", "pk": 3, "fields": {"password": "pbkdf2_sha256$120000$sA1jjPZ5QhRX$whTcOVdtNFP2hGeQw/SOeeLuRpzHFgbWgnSMC9nKeS0=", "last_login": "2019-03-20T00:29:15Z", "is_superuser": false, "username": "Commandroid24", "first_name": "", "last_name": "", "email": "meanderingjasmine@gmail.com", "is_staff": false, "is_active": true, "date_joined": "2019-03-20T00:28:21Z", "groups": [], "user_permissions": []}}, {"model": "auth.user", "pk": 4, "fields": {"password": "pbkdf2_sha256$120000$9zOalcHgJ7gu$BbTRal3bPGUuIUsgPmxdUHw05IFtBUH+6K78//kI7TA=", "last_login": "2018-02-01T17:00:00Z", "is_superuser": false, "username": "BouncingPepper36", "first_name": "Bouncing", "last_name": "Pepper", "email": "meanderingjasmine@gmail.com", "is_staff": false, "is_active": true, "date_joined": "2019-02-05T18:00:00Z", "groups": [], "user_permissions": []}}, {"model": "auth.user", "pk": 5, "fields": {"password": "pbkdf2_sha256$120000$sA1jjPZ5QhRX$whTcOVdtNFP2hGeQw/SOeeLuRpzHFgbWgnSMC9nKeS0=", "last_login": "2018-02-04T17:00:00Z", "is_superuser": false, "username": "ThroneManatee48", "first_name": "Throne", "last_name": "Mantis", "email": "meanderingjasmine@gmail.com", "is_staff": false, "is_active": true, "date_joined": "2019-02-06T18:00:00Z", "groups": [], "user_permissions": []}}, {"model": "auth.user", "pk": 6, "fields": {"password": "pbkdf2_sha256$120000$6NpedKe78QJH$SHLxRCX+kwv+OWTF3FCR9swmquEfNkoOiID7nCue8XA=", "last_login": "2018-02-05T17:00:00Z", "is_superuser": false, "username": "FrizzyWalker60", "first_name": "Frizzy", "last_name": "Walker", "email": "meanderingjasmine@gmail.com", "is_staff": false, "is_active": true, "date_joined": "2019-02-06T18:00:00Z", "groups": [], "user_permissions": []}}, {"model": "auth.user", "pk": 7, "fields": {"password": "pbkdf2_sha256$120000$9zOalcHgJ7gu$BbTRal3bPGUuIUsgPmxdUHw05IFtBUH+6K78//kI7TA=", "last_login": "2018-02-06T17:00:00Z", "is_superuser": false, "username": "BeautifulFairy72", "first_name": "Beautiful", "last_name": "Fairy", "email": "meanderingjasmine@gmail.com", "is_staff": false, "is_active": true, "date_joined": "2019-02-08T18:00:00Z", "groups": [], "user_permissions": []}}, {"model": "auth.user", "pk": 8, "fields": {"password": "pbkdf2_sha256$120000$sA1jjPZ5QhRX$whTcOVdtNFP2hGeQw/SOeeLuRpzHFgbWgnSMC9nKeS0=", "last_login": "2018-02-07T17:00:00Z", "is_superuser": false, "username": "FrightenedBuster84", "first_name": "Frightented", "last_name": "Buster", "email": "meanderingjasmine@gmail.com", "is_staff": false, "is_active": true, "date_joined": "2019-02-09T18:00:00Z", "groups": [], "user_permissions": []}}, {"model": "auth.user", "pk": 9, "fields": {"password": "pbkdf2_sha256$120000$6NpedKe78QJH$SHLxRCX+kwv+OWTF3FCR9swmquEfNkoOiID7nCue8XA=", "last_login": "2018-02-08T17:00:00Z", "is_superuser": false, "username": "Gladiablo96", "first_name": "Gladys", "last_name": "Diablo", "email": "meanderingjasmine@gmail.com", "is_staff": false, "is_active": true, "date_joined": "2019-02-10T18:00:00Z", "groups": [], "user_permissions": []}}, {"model": "auth.user", "pk": 10, "fields": {"password": "pbkdf2_sha256$120000$9zOalcHgJ7gu$BbTRal3bPGUuIUsgPmxdUHw05IFtBUH+6K78//kI7TA=", "last_login": "2018-02-09T17:00:00Z", "is_superuser": false, "username": "ColorWitch18", "first_name": "Color", "last_name": "Witch", "email": "meanderingjasmine@gmail.com", "is_staff": false, "is_active": true, "date_joined": "2019-02-11T18:00:00Z", "groups": [], "user_permissions": []}}, {"model": "auth.user", "pk": 11, "fields": {"password": "pbkdf2_sha256$120000$sA1jjPZ5QhRX$whTcOVdtNFP2hGeQw/SOeeLuRpzHFgbWgnSMC9nKeS0=", "last_login": "2018-02-10T17:00:00Z", "is_superuser": false, "username": "FreeMantis30", "first_name": "Free", "last_name": "Matis", "email": "meanderingjasmine@gmail.com", "is_staff": false, "is_active": true, "date_joined": "2019-02-12T18:00:00Z", "groups": [], "user_permissions": []}}, {"model": "auth.user", "pk": 12, "fields": {"password": "pbkdf2_sha256$120000$6NpedKe78QJH$SHLxRCX+kwv+OWTF3FCR9swmquEfNkoOiID7nCue8XA=", "last_login": "2018-02-11T17:00:00Z", "is_superuser": false, "username": "TimeBerry54", "first_name": "Time", "last_name": "Berry", "email": "meanderingjasmine@gmail.com", "is_staff": false, "is_active": true, "date_joined": "2019-02-13T18:00:00Z", "groups": [], "user_permissions": []}}, {"model": "auth.user", "pk": 13, "fields": {"password": "pbkdf2_sha256$120000$9zOalcHgJ7gu$BbTRal3bPGUuIUsgPmxdUHw05IFtBUH+6K78//kI7TA=", "last_login": "2018-02-12T17:00:00Z", "is_superuser": false, "username": "SilentDrake66", "first_name": "Silent", "last_name": "Drake", "email": "meanderingjasmine@gmail.com", "is_staff": false, "is_active": true, "date_joined": "2019-02-14T18:00:00Z", "groups": [], "user_permissions": []}}, {"model": "auth.user", "pk": 14, "fields": {"password": "pbkdf2_sha256$120000$sA1jjPZ5QhRX$whTcOVdtNFP2hGeQw/SOeeLuRpzHFgbWgnSMC9nKeS0=", "last_login": "2018-02-13T17:00:00Z", "is_superuser": false, "username": "FearlessCrocodile78", "first_name": "Fearless", "last_name": "Crocodile", "email": "meanderingjasmine@gmail.com", "is_staff": false, "is_active": true, "date_joined": "2019-02-15T18:00:00Z", "groups": [], "user_permissions": []}}, {"model": "auth.user", "pk": 15, "fields": {"password": "pbkdf2_sha256$120000$6NpedKe78QJH$SHLxRCX+kwv+OWTF3FCR9swmquEfNkoOiID7nCue8XA=", "last_login": "2018-02-14T17:00:00Z", "is_superuser": false, "username": "DinnerFlamingo90", "first_name": "Dinner", "last_name": "Flamingo", "email": "meanderingjasmine@gmail.com", "is_staff": false, "is_active": true, "date_joined": "2019-02-16T18:00:00Z", "groups": [], "user_permissions": []}}, {"model": "auth.user", "pk": 16, "fields": {"password": "pbkdf2_sha256$120000$rK2OuxDyq2B6$uoxJXTuNhLndgnV6i3A5v7fBtCDNbZqPT6dd3LMXxBI=", "last_login": "2019-03-22T19:59:59Z", "is_superuser": true, "username": "chinhle", "first_name": "", "last_name": "", "email": "", "is_staff": true, "is_active": true, "date_joined": "2019-03-21T10:15:11Z", "groups": [], "user_permissions": []}}, {"model": "auth.user", "pk": 17, "fields": {"password": "pbkdf2_sha256$120000$1y8bwzs8pQPm$XgjRRVsxXjilVctQooIoCyJmA6S0JcBTSyeXhRFFVCw=", "last_login": "2019-03-22T16:01:09Z", "is_superuser": false, "username": "testuser1", "first_name": "", "last_name": "", "email": "email@email.com", "is_staff": false, "is_active": true, "date_joined": "2019-03-21T10:17:31Z", "groups": [], "user_permissions": []}}, {"model": "auth.user", "pk": 18, "fields": {"password": "pbkdf2_sha256$120000$yDvBfaeP6mmE$tMne5B5GJ+PEVahHJYIgqptAfgyhhPNl5hSY3FnqEKE=", "last_login": null, "is_superuser": false, "username": "testuser2", "first_name": "", "last_name": "", "email": "email@email.com", "is_staff": false, "is_active": false, "date_joined": "2019-03-21T20:46:08Z", "groups": [], "user_permissions": []}}, {"model": "auth.user", "pk": 19, "fields": {"password": "pbkdf2_sha256$120000$R4BNPwsbfHmk$AJhrbpyA2+A491j+oe7n3zFAteyK2bCPV5014bf0+qU=", "last_login": "2019-03-22T09:56:01Z", "is_superuser": false, "username": "testuser3", "first_name": "", "last_name": "", "email": "email@email.com", "is_staff": false, "is_active": true, "date_joined": "2019-03-21T21:06:19Z", "groups": [], "user_permissions": []}}, {"model": "sessions.session", "pk": "bobbw225k93qhwkovdv78cbgc9s08nim", "fields": {"session_data": "YWNjMWQ4MzNlNzY0NTRiZDNhYmExODdiN2U3NzI1N2NlM2Q2NTRjNDp7Il9hdXRoX3VzZXJfaWQiOiIxIiwiX2F1dGhfdXNlcl9iYWNrZW5kIjoiZGphbmdvLmNvbnRyaWIuYXV0aC5iYWNrZW5kcy5Nb2RlbEJhY2tlbmQiLCJfYXV0aF91c2VyX2hhc2giOiJhOGI4NDM0NDkyYTFlMWUzOGExMDQxYTEwYTg1NzgxNjM3NTUwNTEzIn0=", "expire_date": "2019-04-03T00:30:52.715Z"}}, {"model": "sessions.session", "pk": "gsbk9z0vvty4c3nbkmf9lmqqubcbkjc5", "fields": {"session_data": "NDU1NGY3ZmIxMWEyMzYzYzI1MzlkNTQzNDE3OTYzM2QwMGJhMjg0Mjp7Il9hdXRoX3VzZXJfaWQiOiIxNiIsIl9hdXRoX3VzZXJfYmFja2VuZCI6ImRqYW5nby5jb250cmliLmF1dGguYmFja2VuZHMuTW9kZWxCYWNrZW5kIiwiX2F1dGhfdXNlcl9oYXNoIjoiN2IzODA4ZWRmYzJjNTU0ODBkNTJmMjcyNTljZGNiZmExYzM5MWI2ZSJ9", "expire_date": "2019-04-05T19:59:59.276Z"}}, {"model": "core.submitter", "pk": 1, "fields": {"user": 2}}, {"model": "core.submitter", "pk": 2, "fields": {"user": 3}}, {"model": "core.submitter", "pk": 4, "fields": {"user": 4}}, {"model": "core.submitter", "pk": 5, "fields": {"user": 5}}, {"model": "core.submitter", "pk": 6, "fields": {"user": 6}}, {"model": "core.submitter", "pk": 7, "fields": {"user": 7}}, {"model": "core.submitter", "pk": 8, "fields": {"user": 8}}, {"model": "core.submitter", "pk": 9, "fields": {"user": 9}}, {"model": "core.submitter", "pk": 10, "fields": {"user": 10}}, {"model": "core.submitter", "pk": 11, "fields": {"user": 17}}, {"model": "core.submitter", "pk": 12, "fields": {"user": 18}}, {"model": "core.submitter", "pk": 13, "fields": {"user": 16}}, {"model": "core.submitter", "pk": 14, "fields": {"user": 19}}, {"model": "core.post", "pk": 1, "fields": {"title": "Sparking Hope - Christopher's Story", "poster": 1, "description": "Hello, my name is Christopher Sanders, and this is my story out of homelessness.", "date_added": "2019-03-19", "url": "https://www.housingfornewhope.org/single-post/2019/01/02/Sparking-Hope-Christophers-Story", "slug": "sparking-hope-christophers-story"}}, {"model": "core.post", "pk": 2, "fields": {"title": "HNH Welcomes Three New Members to the Board of Directors", "poster": 2, "description": "Housing for New Hope would like to welcome and recognize three new board members - Dawn Bland, Rev. Chris Breslin, and Charles Lee. They all have a common goal to help prevent and end homelessness in our community.", "date_added": "2019-03-19", "url": "https://www.housingfornewhope.org/single-post/2019/01/11/HNH-Welcomes-Three-New-Members-to-the-Board-of-Directors", "slug": "hnh-welcomes-three-new-members-to-the-board-of-dir"}}, {"model": "core.post", "pk": 3, "fields": {"title": "With dorms closed, homeless students struggle to find housing during the holidays", "poster": 9, "description": "Description would go here.", "date_added": "2019-03-18", "url": "https://www.newsobserver.com/news/local/education/article223385845.html", "slug": "with-dorms-closed-homeless-students-struggle-to-fi"}}, {"model": "core.post", "pk": 4, "fields": {"title": "Data on Homelessness", "poster": 7, "description": "Description would go here.", "date_added": "2019-03-18", "url": "https://www.ncceh.org/dataonhomelessness/", "slug": "data-on-homelessness"}}, {"model": "core.post", "pk": 5, "fields": {"title": "Two Weeks Ago, Durham Cops", "poster": 5, "description": "Description would go here.", "date_added": "2019-03-17", "url": "https://indyweek.com/news/durham/two-weeks-ago-durham-cops-threatened-arrest-anyone-leave-homeless-camp-near-downtown.-now-what/", "slug": "two-weeks-ago-durham-cops"}}, {"model": "core.post", "pk": 6, "fields": {"title": "North Carolina Homelessness Statistics", "poster": 9, "description": "Description would go here.", "date_added": "2018-01-17", "url": "https://www.usich.gov/homelessness-statistics/nc/", "slug": "north-carolina-homelessness-statistics"}}, {"model": "core.post", "pk": 7, "fields": {"title": "Homeless women will no longer be", "poster": 8, "description": "Description would go here.", "date_added": "2019-03-17", "url": "https://www.newsobserver.com/news/local/counties/wake-county/article219313675.html", "slug": "homeless-women-will-no-longer-be"}}, {"model": "core.post", "pk": 8, "fields": {"title": "Facts about homelessness", "poster": 5, "description": "Description would go here.", "date_added": "2019-03-17", "url": "https://interactiveresourcecenter.org/donate/facts-about-homelessness/", "slug": "facts-about-homelessness"}}, {"model": "core.post", "pk": 9, "fields": {"title": "Life in the woods North Carolina growing homeless tent camps are an open secret", "poster": 5, "description": "Description would go here.", "date_added": "2019-03-16", "url": "https://www.scalawagmagazine.org/2018/02/life-in-the-woods-north-carolinas-growing-homeless-tent-camps-are-an-open-secret/", "slug": "life-in-the-woods-north-carolina-growing-homeless-"}}, {"model": "core.post", "pk": 10, "fields": {"title": "Who is Experiencing Homelessness in North Carolina", "poster": 6, "description": "Description would go here.", "date_added": "2019-03-16", "url": "https://www.housingfornewhope.org/single-post/2018/08/22/Who-is-Experiencing-Homelessness-in-North-Carolina", "slug": "who-is-experiencing-homelessness-in-north-carolina"}}, {"model": "core.post", "pk": 11, "fields": {"title": "As frigid cold bears down  he is how the homeless in the Triangle could use your help", "poster": 6, "description": "Description would go here.", "date_added": "2019-03-16", "url": "https://www.newsobserver.com/news/local/article225295525.html", "slug": "as-frigid-cold-bears-down-he-is-how-the-homeless-i"}}, {"model": "core.post", "pk": 12, "fields": {"title": "Funding Change Proposal Alarms Durhams Homeless Services Providers", "poster": 7, "description": "Description would go here.", "date_added": "2019-03-16", "url": "https://indyweek.com/news/archives/funding-change-proposal-alarms-durham-s-homeless-services-providers/", "slug": "funding-change-proposal-alarms-durhams-homeless-se"}}, {"model": "core.vote", "pk": 1, "fields": {"voter": 1, "post": 1, "voted_at": "2019-03-20T00:42:05.460Z"}}, {"model": "core.vote", "pk": 2, "fields": {"voter": 2, "post": 1, "voted_at": "2019-03-20T00:42:11.207Z"}}, {"model": "core.vote", "pk": 3, "fields": {"voter": 4, "post": 3, "voted_at": "2019-02-10T19:00:00Z"}}, {"model": "core.vote", "pk": 4, "fields": {"voter": 7, "post": 7, "voted_at": "2019-02-11T19:00:00Z"}}, {"model": "core.vote", "pk": 5, "fields": {"voter": 4, "post": 7, "voted_at": "2019-02-12T19:00:00Z"}}, {"model": "core.vote", "pk": 6, "fields": {"voter": 5, "post": 4, "voted_at": "2019-02-13T19:00:00Z"}}, {"model": "core.vote", "pk": 7, "fields": {"voter": 8, "post": 6, "voted_at": "2019-02-14T19:00:00Z"}}, {"model": "core.vote", "pk": 8, "fields": {"voter": 4, "post": 6, "voted_at": "2019-02-15T19:00:00Z"}}, {"model": "core.vote", "pk": 9, "fields": {"voter": 9, "post": 7, "voted_at": "2019-02-16T19:00:00Z"}}, {"model": "core.vote", "pk": 10, "fields": {"voter": 6, "post": 5, "voted_at": "2019-02-17T19:00:00Z"}}, {"model": "core.vote", "pk": 11, "fields": {"voter": 5, "post": 7, "voted_at": "2019-02-18T19:00:00Z"}}, {"model": "core.vote", "pk": 12, "fields": {"voter": 9, "post": 8, "voted_at": "2019-02-19T19:00:00Z"}}, {"model": "core.vote", "pk": 13, "fields": {"voter": 6, "post": 8, "voted_at": "2019-02-20T19:00:00Z"}}, {"model": "core.vote", "pk": 14, "fields": {"voter": 9, "post": 9, "voted_at": "2019-02-21T19:00:00Z"}}, {"model": "core.vote", "pk": 30, "fields": {"voter": 11, "post": 4, "voted_at": "2019-03-21T14:41:33.858Z"}}, {"model": "core.vote", "pk": 35, "fields": {"voter": 13, "post": 2, "voted_at": "2019-03-21T23:03:58.526Z"}}, {"model": "core.vote", "pk": 37, "fields": {"voter": 14, "post": 7, "voted_at": "2019-03-22T10:10:20.733Z"}}, {"model": "core.vote", "pk": 39, "fields": {"voter": 11, "post": 7, "voted_at": "2019-03-22T10:46:40.050Z"}}, {"model": "core.vote", "pk": 42, "fields": {"voter": 11, "post": 1, "voted_at": "2019-03-22T16:01:13.916Z"}}, {"model": "core.vote", "pk": 43, "fields": {"voter": 11, "post": 2, "voted_at": "2019-03-22T16:10:38.395Z"}}, {"model": "core.comment", "pk": 1, "fields": {"commenter": 1, "post": 2, "commented_at": "2019-03-20T00:43:01.510Z", "text": "Congratulations Dawn, Chris, and Charles"}}, {"model": "core.comment", "pk": 2, "fields": {"commenter": 2, "post": 1, "commented_at": "2019-03-20T00:43:22.741Z", "text": "I glad there's the HNH to help people like Christopher"}}, {"model": "core.comment", "pk": 3, "fields": {"commenter": 9, "post": 5, "commented_at": "2019-02-14T19:00:00Z", "text": "We should do something about this."}}, {"model": "core.comment", "pk": 4, "fields": {"commenter": 6, "post": 6, "commented_at": "2019-02-15T19:00:00Z", "text": "I have some good ideas about solving this crisis."}}, {"model": "core.comment", "pk": 5, "fields": {"commenter": 5, "post": 7, "commented_at": "2019-02-16T19:00:00Z", "text": "This article didn't mention the local food kitchen. "}}, {"model": "core.comment", "pk": 6, "fields": {"commenter": 7, "post": 5, "commented_at": "2019-02-17T19:00:00Z", "text": "What is this world coming to."}}, {"model": "core.comment", "pk": 7, "fields": {"commenter": 6, "post": 6, "commented_at": "2019-02-18T19:00:00Z", "text": "I'm so glad I volunteer at the soup kitchen."}}, {"model": "core.comment", "pk": 8, "fields": {"commenter": 10, "post": 7, "commented_at": "2019-02-19T19:00:00Z", "text": "I never knew my worn-out coat could do so much."}}, {"model": "core.comment", "pk": 9, "fields": {"commenter": 7, "post": 8, "commented_at": "2019-02-20T19:00:00Z", "text": "I am really proud of our community members"}}, {"model": "core.comment", "pk": 10, "fields": {"commenter": 10, "post": 9, "commented_at": "2019-02-21T19:00:00Z", "text": "I know we can do better than this."}}, {"model": "core.comment", "pk": 11, "fields": {"commenter": 8, "post": 10, "commented_at": "2019-02-22T19:00:00Z", "text": "I disagree."}}, {"model": "core.comment", "pk": 12, "fields": {"commenter": 10, "post": 11, "commented_at": "2019-02-23T19:00:00Z", "text": "I disagree with the last paragraph."}}, {"model": "core.comment", "pk": 13, "fields": {"commenter": 8, "post": 12, "commented_at": "2019-02-14T19:00:00Z", "text": "I respectfully disagree."}}, {"model": "core.comment", "pk": 14, "fields": {"commenter": 9, "post": 10, "commented_at": "2019-02-15T19:00:00Z", "text": "But what about the other side of the story?"}}, {"model": "core.comment", "pk": 15, "fields": {"commenter": 10, "post": 11, "commented_at": "2019-02-16T19:00:00Z", "text": "This article has inspired me to act"}}, {"model": "admin.logentry", "pk": 18, "fields": {"action_time": "2019-03-21T11:23:47.155Z", "user": 16, "content_type": 9, "object_id": "11", "object_repr": "testuser1", "action_flag": 1, "change_message": "[{\"added\": {}}]"}}, {"model": "admin.logentry", "pk": 19, "fields": {"action_time": "2019-03-21T20:47:06.908Z", "user": 16, "content_type": 9, "object_id": "12", "object_repr": "testuser2", "action_flag": 1, "change_message": "[{\"added\": {}}]"}}, {"model": "admin.logentry", "pk": 20, "fields": {"action_time": "2019-03-21T20:47:17.553Z", "user": 16, "content_type": 12, "object_id": "4", "object_repr": "Registration information for testuser2", "action_flag": 2, "change_message": "[{\"changed\": {\"fields\": [\"activated\"]}}]"}}, {"model": "admin.logentry", "pk": 21, "fields": {"action_time": "2019-03-21T20:49:42.511Z", "user": 16, "content_type": 9, "object_id": "13", "object_repr": "chinhle", "action_flag": 1, "change_message": "[{\"added\": {}}]"}}, {"model": "admin.logentry", "pk": 22, "fields": {"action_time": "2019-03-22T20:12:17.833Z", "user": 16, "content_type": 4, "object_id": "7", "object_repr": "BeautifulFairy72", "action_flag": 2, "change_message": "[]"}}, {"model": "admin.logentry", "pk": 23, "fields": {"action_time": "2019-03-22T20:12:23.931Z", "user": 16, "content_type": 4, "object_id": "4", "object_repr": "BouncingPepper36", "action_flag": 2, "change_message": "[]"}}, {"model": "admin.logentry", "pk": 24, "fields": {"action_time": "2019-03-22T20:12:28.730Z", "user": 16, "content_type": 4, "object_id": "10", "object_repr": "ColorWitch18", "action_flag": 2, "change_message": "[]"}}, {"model": "admin.logentry", "pk": 25, "fields": {"action_time": "2019-03-22T20:12:33.539Z", "user": 16, "content_type": 4, "object_id": "3", "object_repr": "Commandroid24", "action_flag": 2, "change_message": "[]"}}, {"model": "admin.logentry", "pk": 26, "fields": {"action_time": "2019-03-22T20:12:38.750Z", "user": 16, "content_type": 4, "object_id": "19", "object_repr": "testuser3", "action_flag": 2, "change_message": "[]"}}, {"model": "admin.logentry", "pk": 27, "fields": {"action_time": "2019-03-22T20:12:43.412Z", "user": 16, "content_type": 4, "object_id": "18", "object_repr": "testuser2", "action_flag": 2, "change_message": "[]"}}, {"model": "admin.logentry", "pk": 28, "fields": {"action_time": "2019-03-22T20:12:48.544Z", "user": 16, "content_type": 4, "object_id": "17", "object_repr": "testuser1", "action_flag": 2, "change_message": "[]"}}, {"model": "admin.logentry", "pk": 29, "fields": {"action_time": "2019-03-22T20:12:53.678Z", "user": 16, "content_type": 4, "object_id": "16", "object_repr": "chinhle", "action_flag": 2, "change_message": "[]"}}, {"model": "admin.logentry", "pk": 30, "fields": {"action_time": "2019-03-22T20:16:31.883Z", "user": 16, "content_type": 4, "object_id": "1", "object_repr": "annasmith", "action_flag": 3, "change_message": ""}}, {"model": "admin.logentry", "pk": 31, "fields": {"action_time": "2019-03-22T20:16:44.493Z", "user": 16, "content_type": 7, "object_id": "2", "object_repr": "HNH Welcomes Three New Members to the Board of Directors", "action_flag": 2, "change_message": "[]"}}, {"model": "admin.logentry", "pk": 32, "fields": {"action_time": "2019-03-22T20:16:59.458Z", "user": 16, "content_type": 7, "object_id": "1", "object_repr": "Sparking Hope - Christopher's Story", "action_flag": 2, "change_message": "[{\"changed\": {\"fields\": [\"slug\"]}}]"}}, {"model": "admin.logentry", "pk": 33, "fields": {"action_time": "2019-03-22T20:17:23.347Z", "user": 16, "content_type": 7, "object_id": "2", "object_repr": "HNH Welcomes Three New Members to the Board of Directors", "action_flag": 2, "change_message": "[{\"changed\": {\"fields\": [\"slug\"]}}]"}}, {"model": "admin.logentry", "pk": 34, "fields": {"action_time": "2019-03-22T20:17:30.757Z", "user": 16, "content_type": 7, "object_id": "4", "object_repr": "Data on Homelessness", "action_flag": 2, "change_message": "[{\"changed\": {\"fields\": [\"slug\"]}}]"}}, {"model": "admin.logentry", "pk": 35, "fields": {"action_time": "2019-03-22T20:17:41.333Z", "user": 16, "content_type": 7, "object_id": "3", "object_repr": "With dorms closed, homeless students struggle to find housing during the holidays", "action_flag": 2, "change_message": "[{\"changed\": {\"fields\": [\"slug\"]}}]"}}, {"model": "admin.logentry", "pk": 36, "fields": {"action_time": "2019-03-22T20:17:50.495Z", "user": 16, "content_type": 7, "object_id": "8", "object_repr": "Facts about homelessness", "action_flag": 2, "change_message": "[{\"changed\": {\"fields\": [\"slug\"]}}]"}}, {"model": "admin.logentry", "pk": 37, "fields": {"action_time": "2019-03-22T20:18:01.201Z", "user": 16, "content_type": 7, "object_id": "7", "object_repr": "Homeless women will no longer be", "action_flag": 2, "change_message": "[{\"changed\": {\"fields\": [\"slug\"]}}]"}}, {"model": "admin.logentry", "pk": 38, "fields": {"action_time": "2019-03-22T20:18:13.896Z", "user": 16, "content_type": 7, "object_id": "5", "object_repr": "Two Weeks Ago, Durham Cops", "action_flag": 2, "change_message": "[{\"changed\": {\"fields\": [\"slug\"]}}]"}}, {"model": "admin.logentry", "pk": 39, "fields": {"action_time": "2019-03-22T20:18:27.444Z", "user": 16, "content_type": 7, "object_id": "12", "object_repr": "Funding Change Proposal Alarms Durhams Homeless Services Providers", "action_flag": 2, "change_message": "[{\"changed\": {\"fields\": [\"slug\"]}}]"}}, {"model": "admin.logentry", "pk": 40, "fields": {"action_time": "2019-03-22T20:18:36.629Z", "user": 16, "content_type": 7, "object_id": "11", "object_repr": "As frigid cold bears down  he is how the homeless in the Triangle could use your help", "action_flag": 2, "change_message": "[{\"changed\": {\"fields\": [\"slug\"]}}]"}}, {"model": "admin.logentry", "pk": 41, "fields": {"action_time": "2019-03-22T20:18:46.768Z", "user": 16, "content_type": 7, "object_id": "10", "object_repr": "Who is Experiencing Homelessness in North Carolina", "action_flag": 2, "change_message": "[{\"changed\": {\"fields\": [\"slug\"]}}]"}}, {"model": "admin.logentry", "pk": 42, "fields": {"action_time": "2019-03-22T20:18:59.713Z", "user": 16, "content_type": 7, "object_id": "9", "object_repr": "Life in the woods North Carolina growing homeless tent camps are an open secret", "action_flag": 2, "change_message": "[{\"changed\": {\"fields\": [\"slug\"]}}]"}}, {"model": "admin.logentry", "pk": 43, "fields": {"action_time": "2019-03-22T20:19:08.748Z", "user": 16, "content_type": 7, "object_id": "6", "object_repr": "North Carolina Homelessness Statistics", "action_flag": 2, "change_message": "[{\"changed\": {\"fields\": [\"slug\"]}}]"}}, {"model": "registration.registrationprofile", "pk": 1, "fields": {"user": 2, "activation_key": "3693a779a3a25d285aa3ed1651cf07a06ea4d1c0", "activated": true}}, {"model": "registration.registrationprofile", "pk": 2, "fields": {"user": 3, "activation_key": "30783287a389969064f7d7be20f654500bb1af14", "activated": true}}, {"model": "registration.registrationprofile", "pk": 3, "fields": {"user": 17, "activation_key": "599170cd6fbaade1d7aef0754e7c7ee36c54f6a8", "activated": true}}, {"model": "registration.registrationprofile", "pk": 4, "fields": {"user": 18, "activation_key": "af8760316bcacc43aa9abf9a5e114fbc0f358322", "activated": true}}, {"model": "registration.registrationprofile", "pk": 5, "fields": {"user": 19, "activation_key": "682af2a8da0355d76eeaa627104fd2186c73a0e8", "activated": true}}]